sentence,verb_number,attractor_num,adjective,template,template_num,subject,attractor,adj_subj,adj_attr
The woman by the window is most definitely amused,SG,SG,amused,The woman by the window was most definitely amused / dusty,1,The woman,window,amused,amused
The woman by the window is most definitely dusty,SG,SG,dusty,The woman by the window was most definitely amused / dusty,1,The woman,window,amused,amused
The woman by the windows is most definitely amused,SG,PL,amused,The woman by the window was most definitely amused / dusty,1,The woman,window,amused,amused
The woman by the windows is most definitely dusty,SG,PL,dusty,The woman by the window was most definitely amused / dusty,1,The woman,window,amused,amused
The woman by the window are most definitely amused,PL,SG,amused,The woman by the window was most definitely amused / dusty,1,The woman,window,amused,amused
The woman by the window are most definitely dusty,PL,SG,dusty,The woman by the window was most definitely amused / dusty,1,The woman,window,amused,amused
The woman by the windows are most definitely amused,PL,PL,amused,The woman by the window was most definitely amused / dusty,1,The woman,window,amused,amused
The woman by the windows are most definitely dusty,PL,PL,dusty,The woman by the window was most definitely amused / dusty,1,The woman,window,amused,amused
The flower by the bed is most definitely blooming,SG,SG,blooming,The flower by the bed was most definitely blooming / made,2,The flower,bed,blooming,blooming
The flower by the bed is most definitely made,SG,SG,made,The flower by the bed was most definitely blooming / made,2,The flower,bed,blooming,blooming
The flower by the beds is most definitely blooming,SG,PL,blooming,The flower by the bed was most definitely blooming / made,2,The flower,bed,blooming,blooming
The flower by the beds is most definitely made,SG,PL,made,The flower by the bed was most definitely blooming / made,2,The flower,bed,blooming,blooming
The flower by the bed are most definitely blooming,PL,SG,blooming,The flower by the bed was most definitely blooming / made,2,The flower,bed,blooming,blooming
The flower by the bed are most definitely made,PL,SG,made,The flower by the bed was most definitely blooming / made,2,The flower,bed,blooming,blooming
The flower by the beds are most definitely blooming,PL,PL,blooming,The flower by the bed was most definitely blooming / made,2,The flower,bed,blooming,blooming
The flower by the beds are most definitely made,PL,PL,made,The flower by the bed was most definitely blooming / made,2,The flower,bed,blooming,blooming
The notebook for the class is unfortunately rather ripped,SG,SG,ripped,The notebook for the class was unfortunately rather ripped / difficult,3,The notebook,class,ripped,ripped
The notebook for the class is unfortunately rather difficult,SG,SG,difficult,The notebook for the class was unfortunately rather ripped / difficult,3,The notebook,class,ripped,ripped
The notebook for the classs is unfortunately rather ripped,SG,PL,ripped,The notebook for the class was unfortunately rather ripped / difficult,3,The notebook,class,ripped,ripped
The notebook for the classs is unfortunately rather difficult,SG,PL,difficult,The notebook for the class was unfortunately rather ripped / difficult,3,The notebook,class,ripped,ripped
The notebook for the class are unfortunately rather ripped,PL,SG,ripped,The notebook for the class was unfortunately rather ripped / difficult,3,The notebook,class,ripped,ripped
The notebook for the class are unfortunately rather difficult,PL,SG,difficult,The notebook for the class was unfortunately rather ripped / difficult,3,The notebook,class,ripped,ripped
The notebook for the classs are unfortunately rather ripped,PL,PL,ripped,The notebook for the class was unfortunately rather ripped / difficult,3,The notebook,class,ripped,ripped
The notebook for the classs are unfortunately rather difficult,PL,PL,difficult,The notebook for the class was unfortunately rather ripped / difficult,3,The notebook,class,ripped,ripped
The laptop on the magazine is most certainly overheating,SG,SG,overheating,The laptop on the magazine was most certainly overheating / wordy,4,The laptop,magazine,overheating,overheating
The laptop on the magazine is most certainly wordy,SG,SG,wordy,The laptop on the magazine was most certainly overheating / wordy,4,The laptop,magazine,overheating,overheating
The laptop on the magazines is most certainly overheating,SG,PL,overheating,The laptop on the magazine was most certainly overheating / wordy,4,The laptop,magazine,overheating,overheating
The laptop on the magazines is most certainly wordy,SG,PL,wordy,The laptop on the magazine was most certainly overheating / wordy,4,The laptop,magazine,overheating,overheating
The laptop on the magazine are most certainly overheating,PL,SG,overheating,The laptop on the magazine was most certainly overheating / wordy,4,The laptop,magazine,overheating,overheating
The laptop on the magazine are most certainly wordy,PL,SG,wordy,The laptop on the magazine was most certainly overheating / wordy,4,The laptop,magazine,overheating,overheating
The laptop on the magazines are most certainly overheating,PL,PL,overheating,The laptop on the magazine was most certainly overheating / wordy,4,The laptop,magazine,overheating,overheating
The laptop on the magazines are most certainly wordy,PL,PL,wordy,The laptop on the magazine was most certainly overheating / wordy,4,The laptop,magazine,overheating,overheating
The jack-o'-lantern near the child is certainly rather carved,SG,SG,carved,The jack-o'-lantern near the child was certainly rather carved / upset,5,The jack-o'-lantern,child,carved,carved
The jack-o'-lantern near the child is certainly rather upset,SG,SG,upset,The jack-o'-lantern near the child was certainly rather carved / upset,5,The jack-o'-lantern,child,carved,carved
The jack-o'-lantern near the childs is certainly rather carved,SG,PL,carved,The jack-o'-lantern near the child was certainly rather carved / upset,5,The jack-o'-lantern,child,carved,carved
The jack-o'-lantern near the childs is certainly rather upset,SG,PL,upset,The jack-o'-lantern near the child was certainly rather carved / upset,5,The jack-o'-lantern,child,carved,carved
The jack-o'-lantern near the child are certainly rather carved,PL,SG,carved,The jack-o'-lantern near the child was certainly rather carved / upset,5,The jack-o'-lantern,child,carved,carved
The jack-o'-lantern near the child are certainly rather upset,PL,SG,upset,The jack-o'-lantern near the child was certainly rather carved / upset,5,The jack-o'-lantern,child,carved,carved
The jack-o'-lantern near the childs are certainly rather carved,PL,PL,carved,The jack-o'-lantern near the child was certainly rather carved / upset,5,The jack-o'-lantern,child,carved,carved
The jack-o'-lantern near the childs are certainly rather upset,PL,PL,upset,The jack-o'-lantern near the child was certainly rather carved / upset,5,The jack-o'-lantern,child,carved,carved
The baby near the pillow is quite noticeably happy,SG,SG,happy,The baby near the pillow was quite noticeably happy / fluffy,6,The baby,pillow,happy,happy
The baby near the pillow is quite noticeably fluffy,SG,SG,fluffy,The baby near the pillow was quite noticeably happy / fluffy,6,The baby,pillow,happy,happy
The baby near the pillows is quite noticeably happy,SG,PL,happy,The baby near the pillow was quite noticeably happy / fluffy,6,The baby,pillow,happy,happy
The baby near the pillows is quite noticeably fluffy,SG,PL,fluffy,The baby near the pillow was quite noticeably happy / fluffy,6,The baby,pillow,happy,happy
The baby near the pillow are quite noticeably happy,PL,SG,happy,The baby near the pillow was quite noticeably happy / fluffy,6,The baby,pillow,happy,happy
The baby near the pillow are quite noticeably fluffy,PL,SG,fluffy,The baby near the pillow was quite noticeably happy / fluffy,6,The baby,pillow,happy,happy
The baby near the pillows are quite noticeably happy,PL,PL,happy,The baby near the pillow was quite noticeably happy / fluffy,6,The baby,pillow,happy,happy
The baby near the pillows are quite noticeably fluffy,PL,PL,fluffy,The baby near the pillow was quite noticeably happy / fluffy,6,The baby,pillow,happy,happy
The woman with the shopping bag is nearly always sad,SG,SG,sad,The woman with the shopping bag was nearly always sad / ripping,7,The woman,bag,sad,sad
The woman with the shopping bag is nearly always ripping,SG,SG,ripping,The woman with the shopping bag was nearly always sad / ripping,7,The woman,bag,sad,sad
The woman with the shopping bags is nearly always sad,SG,PL,sad,The woman with the shopping bag was nearly always sad / ripping,7,The woman,bag,sad,sad
The woman with the shopping bags is nearly always ripping,SG,PL,ripping,The woman with the shopping bag was nearly always sad / ripping,7,The woman,bag,sad,sad
The woman with the shopping bag are nearly always sad,PL,SG,sad,The woman with the shopping bag was nearly always sad / ripping,7,The woman,bag,sad,sad
The woman with the shopping bag are nearly always ripping,PL,SG,ripping,The woman with the shopping bag was nearly always sad / ripping,7,The woman,bag,sad,sad
The woman with the shopping bags are nearly always sad,PL,PL,sad,The woman with the shopping bag was nearly always sad / ripping,7,The woman,bag,sad,sad
The woman with the shopping bags are nearly always ripping,PL,PL,ripping,The woman with the shopping bag was nearly always sad / ripping,7,The woman,bag,sad,sad
The cloud above the car is obviously extraordinarily fluffy,SG,SG,fluffy,The cloud above the car was obviously extraordinarily fluffy / flashy,8,The cloud,car,fluffy,fluffy
The cloud above the car is obviously extraordinarily flashy,SG,SG,flashy,The cloud above the car was obviously extraordinarily fluffy / flashy,8,The cloud,car,fluffy,fluffy
The cloud above the cars is obviously extraordinarily fluffy,SG,PL,fluffy,The cloud above the car was obviously extraordinarily fluffy / flashy,8,The cloud,car,fluffy,fluffy
The cloud above the cars is obviously extraordinarily flashy,SG,PL,flashy,The cloud above the car was obviously extraordinarily fluffy / flashy,8,The cloud,car,fluffy,fluffy
The cloud above the car are obviously extraordinarily fluffy,PL,SG,fluffy,The cloud above the car was obviously extraordinarily fluffy / flashy,8,The cloud,car,fluffy,fluffy
The cloud above the car are obviously extraordinarily flashy,PL,SG,flashy,The cloud above the car was obviously extraordinarily fluffy / flashy,8,The cloud,car,fluffy,fluffy
The cloud above the cars are obviously extraordinarily fluffy,PL,PL,fluffy,The cloud above the car was obviously extraordinarily fluffy / flashy,8,The cloud,car,fluffy,fluffy
The cloud above the cars are obviously extraordinarily flashy,PL,PL,flashy,The cloud above the car was obviously extraordinarily fluffy / flashy,8,The cloud,car,fluffy,fluffy
The bottle with the logo is very remarkably leaky,SG,SG,leaky,The bottle with the logo was very remarkably leaky / clever,9,The bottle,logo,leaky,leaky
The bottle with the logo is very remarkably clever,SG,SG,clever,The bottle with the logo was very remarkably leaky / clever,9,The bottle,logo,leaky,leaky
The bottle with the logos is very remarkably leaky,SG,PL,leaky,The bottle with the logo was very remarkably leaky / clever,9,The bottle,logo,leaky,leaky
The bottle with the logos is very remarkably clever,SG,PL,clever,The bottle with the logo was very remarkably leaky / clever,9,The bottle,logo,leaky,leaky
The bottle with the logo are very remarkably leaky,PL,SG,leaky,The bottle with the logo was very remarkably leaky / clever,9,The bottle,logo,leaky,leaky
The bottle with the logo are very remarkably clever,PL,SG,clever,The bottle with the logo was very remarkably leaky / clever,9,The bottle,logo,leaky,leaky
The bottle with the logos are very remarkably leaky,PL,PL,leaky,The bottle with the logo was very remarkably leaky / clever,9,The bottle,logo,leaky,leaky
The bottle with the logos are very remarkably clever,PL,PL,clever,The bottle with the logo was very remarkably leaky / clever,9,The bottle,logo,leaky,leaky
The boy by the tree is really very chubby,SG,SG,chubby,The boy by the tree is really very chubby / green,10,The boy,tree,chubby,chubby
The boy by the tree is really very green,SG,SG,green,The boy by the tree is really very chubby / green,10,The boy,tree,chubby,chubby
The boy by the trees is really very chubby,SG,PL,chubby,The boy by the tree is really very chubby / green,10,The boy,tree,chubby,chubby
The boy by the trees is really very green,SG,PL,green,The boy by the tree is really very chubby / green,10,The boy,tree,chubby,chubby
The boy by the tree are really very chubby,PL,SG,chubby,The boy by the tree is really very chubby / green,10,The boy,tree,chubby,chubby
The boy by the tree are really very green,PL,SG,green,The boy by the tree is really very chubby / green,10,The boy,tree,chubby,chubby
The boy by the trees are really very chubby,PL,PL,chubby,The boy by the tree is really very chubby / green,10,The boy,tree,chubby,chubby
The boy by the trees are really very green,PL,PL,green,The boy by the tree is really very chubby / green,10,The boy,tree,chubby,chubby
The bed by the lamp is undoubtedly quite comfortable,SG,SG,comfortable,The bed by the lamp was undoubtedly quite comfortable / bright,11,The bed,lamp,comfortable,comfortable
The bed by the lamp is undoubtedly quite bright,SG,SG,bright,The bed by the lamp was undoubtedly quite comfortable / bright,11,The bed,lamp,comfortable,comfortable
The bed by the lamps is undoubtedly quite comfortable,SG,PL,comfortable,The bed by the lamp was undoubtedly quite comfortable / bright,11,The bed,lamp,comfortable,comfortable
The bed by the lamps is undoubtedly quite bright,SG,PL,bright,The bed by the lamp was undoubtedly quite comfortable / bright,11,The bed,lamp,comfortable,comfortable
The bed by the lamp are undoubtedly quite comfortable,PL,SG,comfortable,The bed by the lamp was undoubtedly quite comfortable / bright,11,The bed,lamp,comfortable,comfortable
The bed by the lamp are undoubtedly quite bright,PL,SG,bright,The bed by the lamp was undoubtedly quite comfortable / bright,11,The bed,lamp,comfortable,comfortable
The bed by the lamps are undoubtedly quite comfortable,PL,PL,comfortable,The bed by the lamp was undoubtedly quite comfortable / bright,11,The bed,lamp,comfortable,comfortable
The bed by the lamps are undoubtedly quite bright,PL,PL,bright,The bed by the lamp was undoubtedly quite comfortable / bright,11,The bed,lamp,comfortable,comfortable
The student with the textbook is nearly always cheerful,SG,SG,cheerful,The student with the textbook was nearly always cheerful / read,12,The student,textbook,cheerful,cheerful
The student with the textbook is nearly always read,SG,SG,read,The student with the textbook was nearly always cheerful / read,12,The student,textbook,cheerful,cheerful
The student with the textbooks is nearly always cheerful,SG,PL,cheerful,The student with the textbook was nearly always cheerful / read,12,The student,textbook,cheerful,cheerful
The student with the textbooks is nearly always read,SG,PL,read,The student with the textbook was nearly always cheerful / read,12,The student,textbook,cheerful,cheerful
The student with the textbook are nearly always cheerful,PL,SG,cheerful,The student with the textbook was nearly always cheerful / read,12,The student,textbook,cheerful,cheerful
The student with the textbook are nearly always read,PL,SG,read,The student with the textbook was nearly always cheerful / read,12,The student,textbook,cheerful,cheerful
The student with the textbooks are nearly always cheerful,PL,PL,cheerful,The student with the textbook was nearly always cheerful / read,12,The student,textbook,cheerful,cheerful
The student with the textbooks are nearly always read,PL,PL,read,The student with the textbook was nearly always cheerful / read,12,The student,textbook,cheerful,cheerful
The pool behind the gate is almost always full,SG,SG,full,The pool behind the gate was almost always full / stuck,13,The pool,gate,full,full
The pool behind the gate is almost always stuck,SG,SG,stuck,The pool behind the gate was almost always full / stuck,13,The pool,gate,full,full
The pool behind the gates is almost always full,SG,PL,full,The pool behind the gate was almost always full / stuck,13,The pool,gate,full,full
The pool behind the gates is almost always stuck,SG,PL,stuck,The pool behind the gate was almost always full / stuck,13,The pool,gate,full,full
The pool behind the gate are almost always full,PL,SG,full,The pool behind the gate was almost always full / stuck,13,The pool,gate,full,full
The pool behind the gate are almost always stuck,PL,SG,stuck,The pool behind the gate was almost always full / stuck,13,The pool,gate,full,full
The pool behind the gates are almost always full,PL,PL,full,The pool behind the gate was almost always full / stuck,13,The pool,gate,full,full
The pool behind the gates are almost always stuck,PL,PL,stuck,The pool behind the gate was almost always full / stuck,13,The pool,gate,full,full
The band near the van is probably pretty rested,SG,SG,rested,The band near the van was probably pretty rested / fuel-efficient,14,The band,van,rested,rested
The band near the van is probably pretty fuel-efficient,SG,SG,fuel-efficient,The band near the van was probably pretty rested / fuel-efficient,14,The band,van,rested,rested
The band near the vans is probably pretty rested,SG,PL,rested,The band near the van was probably pretty rested / fuel-efficient,14,The band,van,rested,rested
The band near the vans is probably pretty fuel-efficient,SG,PL,fuel-efficient,The band near the van was probably pretty rested / fuel-efficient,14,The band,van,rested,rested
The band near the van are probably pretty rested,PL,SG,rested,The band near the van was probably pretty rested / fuel-efficient,14,The band,van,rested,rested
The band near the van are probably pretty fuel-efficient,PL,SG,fuel-efficient,The band near the van was probably pretty rested / fuel-efficient,14,The band,van,rested,rested
The band near the vans are probably pretty rested,PL,PL,rested,The band near the van was probably pretty rested / fuel-efficient,14,The band,van,rested,rested
The band near the vans are probably pretty fuel-efficient,PL,PL,fuel-efficient,The band near the van was probably pretty rested / fuel-efficient,14,The band,van,rested,rested
The cat under the chair is most likely sleepy,SG,SG,sleepy,The cat under the chair was most likely sleepy / wobbly,15,The cat,chair,sleepy,sleepy
The cat under the chair is most likely wobbly,SG,SG,wobbly,The cat under the chair was most likely sleepy / wobbly,15,The cat,chair,sleepy,sleepy
The cat under the chairs is most likely sleepy,SG,PL,sleepy,The cat under the chair was most likely sleepy / wobbly,15,The cat,chair,sleepy,sleepy
The cat under the chairs is most likely wobbly,SG,PL,wobbly,The cat under the chair was most likely sleepy / wobbly,15,The cat,chair,sleepy,sleepy
The cat under the chair are most likely sleepy,PL,SG,sleepy,The cat under the chair was most likely sleepy / wobbly,15,The cat,chair,sleepy,sleepy
The cat under the chair are most likely wobbly,PL,SG,wobbly,The cat under the chair was most likely sleepy / wobbly,15,The cat,chair,sleepy,sleepy
The cat under the chairs are most likely sleepy,PL,PL,sleepy,The cat under the chair was most likely sleepy / wobbly,15,The cat,chair,sleepy,sleepy
The cat under the chairs are most likely wobbly,PL,PL,wobbly,The cat under the chair was most likely sleepy / wobbly,15,The cat,chair,sleepy,sleepy
The girl in the movie is rather unusually tall,SG,SG,tall,The girl in the movie was rather unusually tall / long,16,The girl,movie,tall,tall
The girl in the movie is rather unusually long,SG,SG,long,The girl in the movie was rather unusually tall / long,16,The girl,movie,tall,tall
The girl in the movies is rather unusually tall,SG,PL,tall,The girl in the movie was rather unusually tall / long,16,The girl,movie,tall,tall
The girl in the movies is rather unusually long,SG,PL,long,The girl in the movie was rather unusually tall / long,16,The girl,movie,tall,tall
The girl in the movie are rather unusually tall,PL,SG,tall,The girl in the movie was rather unusually tall / long,16,The girl,movie,tall,tall
The girl in the movie are rather unusually long,PL,SG,long,The girl in the movie was rather unusually tall / long,16,The girl,movie,tall,tall
The girl in the movies are rather unusually tall,PL,PL,tall,The girl in the movie was rather unusually tall / long,16,The girl,movie,tall,tall
The girl in the movies are rather unusually long,PL,PL,long,The girl in the movie was rather unusually tall / long,16,The girl,movie,tall,tall
The author of the paper is truly remarkably outraged,SG,SG,outraged,The author of the paper was truly remarkably outraged / well-written,17,The author,paper,outraged,outraged
The author of the paper is truly remarkably well-written,SG,SG,well-written,The author of the paper was truly remarkably outraged / well-written,17,The author,paper,outraged,outraged
The author of the papers is truly remarkably outraged,SG,PL,outraged,The author of the paper was truly remarkably outraged / well-written,17,The author,paper,outraged,outraged
The author of the papers is truly remarkably well-written,SG,PL,well-written,The author of the paper was truly remarkably outraged / well-written,17,The author,paper,outraged,outraged
The author of the paper are truly remarkably outraged,PL,SG,outraged,The author of the paper was truly remarkably outraged / well-written,17,The author,paper,outraged,outraged
The author of the paper are truly remarkably well-written,PL,SG,well-written,The author of the paper was truly remarkably outraged / well-written,17,The author,paper,outraged,outraged
The author of the papers are truly remarkably outraged,PL,PL,outraged,The author of the paper was truly remarkably outraged / well-written,17,The author,paper,outraged,outraged
The author of the papers are truly remarkably well-written,PL,PL,well-written,The author of the paper was truly remarkably outraged / well-written,17,The author,paper,outraged,outraged
The novel next to the interviewer is entirely too lengthy,SG,SG,lengthy,The novel next to the interviewer was entirely too lengthy / loud,18,The novel,interviewer,lengthy,lengthy
The novel next to the interviewer is entirely too loud,SG,SG,loud,The novel next to the interviewer was entirely too lengthy / loud,18,The novel,interviewer,lengthy,lengthy
The novel next to the interviewers is entirely too lengthy,SG,PL,lengthy,The novel next to the interviewer was entirely too lengthy / loud,18,The novel,interviewer,lengthy,lengthy
The novel next to the interviewers is entirely too loud,SG,PL,loud,The novel next to the interviewer was entirely too lengthy / loud,18,The novel,interviewer,lengthy,lengthy
The novel next to the interviewer are entirely too lengthy,PL,SG,lengthy,The novel next to the interviewer was entirely too lengthy / loud,18,The novel,interviewer,lengthy,lengthy
The novel next to the interviewer are entirely too loud,PL,SG,loud,The novel next to the interviewer was entirely too lengthy / loud,18,The novel,interviewer,lengthy,lengthy
The novel next to the interviewers are entirely too lengthy,PL,PL,lengthy,The novel next to the interviewer was entirely too lengthy / loud,18,The novel,interviewer,lengthy,lengthy
The novel next to the interviewers are entirely too loud,PL,PL,loud,The novel next to the interviewer was entirely too lengthy / loud,18,The novel,interviewer,lengthy,lengthy
The glass behind the curtain is most definitely shattered,SG,SG,shattered,The glass behind the curtain was most definitely shattered / tattered,19,The glass,curtain,shattered,shattered
The glass behind the curtain is most definitely tattered,SG,SG,tattered,The glass behind the curtain was most definitely shattered / tattered,19,The glass,curtain,shattered,shattered
The glass behind the curtains is most definitely shattered,SG,PL,shattered,The glass behind the curtain was most definitely shattered / tattered,19,The glass,curtain,shattered,shattered
The glass behind the curtains is most definitely tattered,SG,PL,tattered,The glass behind the curtain was most definitely shattered / tattered,19,The glass,curtain,shattered,shattered
The glass behind the curtain are most definitely shattered,PL,SG,shattered,The glass behind the curtain was most definitely shattered / tattered,19,The glass,curtain,shattered,shattered
The glass behind the curtain are most definitely tattered,PL,SG,tattered,The glass behind the curtain was most definitely shattered / tattered,19,The glass,curtain,shattered,shattered
The glass behind the curtains are most definitely shattered,PL,PL,shattered,The glass behind the curtain was most definitely shattered / tattered,19,The glass,curtain,shattered,shattered
The glass behind the curtains are most definitely tattered,PL,PL,tattered,The glass behind the curtain was most definitely shattered / tattered,19,The glass,curtain,shattered,shattered
The vacation for the family is still profoundly satisfying,SG,SG,satisfying,The vacation for the family was still profoundly satisfying / jet-lagged,20,The vacation,family,satisfying,satisfying
The vacation for the family is still profoundly jet-lagged,SG,SG,jet-lagged,The vacation for the family was still profoundly satisfying / jet-lagged,20,The vacation,family,satisfying,satisfying
The vacation for the familys is still profoundly satisfying,SG,PL,satisfying,The vacation for the family was still profoundly satisfying / jet-lagged,20,The vacation,family,satisfying,satisfying
The vacation for the familys is still profoundly jet-lagged,SG,PL,jet-lagged,The vacation for the family was still profoundly satisfying / jet-lagged,20,The vacation,family,satisfying,satisfying
The vacation for the family are still profoundly satisfying,PL,SG,satisfying,The vacation for the family was still profoundly satisfying / jet-lagged,20,The vacation,family,satisfying,satisfying
The vacation for the family are still profoundly jet-lagged,PL,SG,jet-lagged,The vacation for the family was still profoundly satisfying / jet-lagged,20,The vacation,family,satisfying,satisfying
The vacation for the familys are still profoundly satisfying,PL,PL,satisfying,The vacation for the family was still profoundly satisfying / jet-lagged,20,The vacation,family,satisfying,satisfying
The vacation for the familys are still profoundly jet-lagged,PL,PL,jet-lagged,The vacation for the family was still profoundly satisfying / jet-lagged,20,The vacation,family,satisfying,satisfying
The corn from the field is actually very tasty,SG,SG,tasty,The corn from the field was actually very tasty / fruitful,21,The corn,field,tasty,tasty
The corn from the field is actually very fruitful,SG,SG,fruitful,The corn from the field was actually very tasty / fruitful,21,The corn,field,tasty,tasty
The corn from the fields is actually very tasty,SG,PL,tasty,The corn from the field was actually very tasty / fruitful,21,The corn,field,tasty,tasty
The corn from the fields is actually very fruitful,SG,PL,fruitful,The corn from the field was actually very tasty / fruitful,21,The corn,field,tasty,tasty
The corn from the field are actually very tasty,PL,SG,tasty,The corn from the field was actually very tasty / fruitful,21,The corn,field,tasty,tasty
The corn from the field are actually very fruitful,PL,SG,fruitful,The corn from the field was actually very tasty / fruitful,21,The corn,field,tasty,tasty
The corn from the fields are actually very tasty,PL,PL,tasty,The corn from the field was actually very tasty / fruitful,21,The corn,field,tasty,tasty
The corn from the fields are actually very fruitful,PL,PL,fruitful,The corn from the field was actually very tasty / fruitful,21,The corn,field,tasty,tasty
The cake for the woman is certainly intentionally decorated,SG,SG,decorated,The cake for the woman was certainly intentionally decorated / kind,22,The cake,woman,decorated,decorated
The cake for the woman is certainly intentionally kind,SG,SG,kind,The cake for the woman was certainly intentionally decorated / kind,22,The cake,woman,decorated,decorated
The cake for the womans is certainly intentionally decorated,SG,PL,decorated,The cake for the woman was certainly intentionally decorated / kind,22,The cake,woman,decorated,decorated
The cake for the womans is certainly intentionally kind,SG,PL,kind,The cake for the woman was certainly intentionally decorated / kind,22,The cake,woman,decorated,decorated
The cake for the woman are certainly intentionally decorated,PL,SG,decorated,The cake for the woman was certainly intentionally decorated / kind,22,The cake,woman,decorated,decorated
The cake for the woman are certainly intentionally kind,PL,SG,kind,The cake for the woman was certainly intentionally decorated / kind,22,The cake,woman,decorated,decorated
The cake for the womans are certainly intentionally decorated,PL,PL,decorated,The cake for the woman was certainly intentionally decorated / kind,22,The cake,woman,decorated,decorated
The cake for the womans are certainly intentionally kind,PL,PL,kind,The cake for the woman was certainly intentionally decorated / kind,22,The cake,woman,decorated,decorated
The painting of the dog is surprisingly very artistic,SG,SG,artistic,The painting of the dog was surprisingly very artistic / tired,23,The painting,dog,artistic,artistic
The painting of the dog is surprisingly very tired,SG,SG,tired,The painting of the dog was surprisingly very artistic / tired,23,The painting,dog,artistic,artistic
The painting of the dogs is surprisingly very artistic,SG,PL,artistic,The painting of the dog was surprisingly very artistic / tired,23,The painting,dog,artistic,artistic
The painting of the dogs is surprisingly very tired,SG,PL,tired,The painting of the dog was surprisingly very artistic / tired,23,The painting,dog,artistic,artistic
The painting of the dog are surprisingly very artistic,PL,SG,artistic,The painting of the dog was surprisingly very artistic / tired,23,The painting,dog,artistic,artistic
The painting of the dog are surprisingly very tired,PL,SG,tired,The painting of the dog was surprisingly very artistic / tired,23,The painting,dog,artistic,artistic
The painting of the dogs are surprisingly very artistic,PL,PL,artistic,The painting of the dog was surprisingly very artistic / tired,23,The painting,dog,artistic,artistic
The painting of the dogs are surprisingly very tired,PL,PL,tired,The painting of the dog was surprisingly very artistic / tired,23,The painting,dog,artistic,artistic
The coffee for the office is usually rather burnt,SG,SG,burnt,The coffee for the office was usually rather burnt / quiet,24,The coffee,office,burnt,burnt
The coffee for the office is usually rather quiet,SG,SG,quiet,The coffee for the office was usually rather burnt / quiet,24,The coffee,office,burnt,burnt
The coffee for the offices is usually rather burnt,SG,PL,burnt,The coffee for the office was usually rather burnt / quiet,24,The coffee,office,burnt,burnt
The coffee for the offices is usually rather quiet,SG,PL,quiet,The coffee for the office was usually rather burnt / quiet,24,The coffee,office,burnt,burnt
The coffee for the office are usually rather burnt,PL,SG,burnt,The coffee for the office was usually rather burnt / quiet,24,The coffee,office,burnt,burnt
The coffee for the office are usually rather quiet,PL,SG,quiet,The coffee for the office was usually rather burnt / quiet,24,The coffee,office,burnt,burnt
The coffee for the offices are usually rather burnt,PL,PL,burnt,The coffee for the office was usually rather burnt / quiet,24,The coffee,office,burnt,burnt
The coffee for the offices are usually rather quiet,PL,PL,quiet,The coffee for the office was usually rather burnt / quiet,24,The coffee,office,burnt,burnt
The football near the tree is generally fairly flat,SG,SG,flat,The football near the tree was generally fairly flat / tall,25,The football,tree,flat,flat
The football near the tree is generally fairly tall,SG,SG,tall,The football near the tree was generally fairly flat / tall,25,The football,tree,flat,flat
The football near the trees is generally fairly flat,SG,PL,flat,The football near the tree was generally fairly flat / tall,25,The football,tree,flat,flat
The football near the trees is generally fairly tall,SG,PL,tall,The football near the tree was generally fairly flat / tall,25,The football,tree,flat,flat
The football near the tree are generally fairly flat,PL,SG,flat,The football near the tree was generally fairly flat / tall,25,The football,tree,flat,flat
The football near the tree are generally fairly tall,PL,SG,tall,The football near the tree was generally fairly flat / tall,25,The football,tree,flat,flat
The football near the trees are generally fairly flat,PL,PL,flat,The football near the tree was generally fairly flat / tall,25,The football,tree,flat,flat
The football near the trees are generally fairly tall,PL,PL,tall,The football near the tree was generally fairly flat / tall,25,The football,tree,flat,flat
The plant next to the gnome is really quite leafy,SG,SG,leafy,The plant next to the gnome was really quite leafy / scary,26,The plant,gnome,leafy,leafy
The plant next to the gnome is really quite scary,SG,SG,scary,The plant next to the gnome was really quite leafy / scary,26,The plant,gnome,leafy,leafy
The plant next to the gnomes is really quite leafy,SG,PL,leafy,The plant next to the gnome was really quite leafy / scary,26,The plant,gnome,leafy,leafy
The plant next to the gnomes is really quite scary,SG,PL,scary,The plant next to the gnome was really quite leafy / scary,26,The plant,gnome,leafy,leafy
The plant next to the gnome are really quite leafy,PL,SG,leafy,The plant next to the gnome was really quite leafy / scary,26,The plant,gnome,leafy,leafy
The plant next to the gnome are really quite scary,PL,SG,scary,The plant next to the gnome was really quite leafy / scary,26,The plant,gnome,leafy,leafy
The plant next to the gnomes are really quite leafy,PL,PL,leafy,The plant next to the gnome was really quite leafy / scary,26,The plant,gnome,leafy,leafy
The plant next to the gnomes are really quite scary,PL,PL,scary,The plant next to the gnome was really quite leafy / scary,26,The plant,gnome,leafy,leafy
The apple near the cabinet is luckily fairly fresh,SG,SG,fresh,The apple near the cabinet was luckily fairly fresh / childproof,27,The apple,cabinet,fresh,fresh
The apple near the cabinet is luckily fairly childproof,SG,SG,childproof,The apple near the cabinet was luckily fairly fresh / childproof,27,The apple,cabinet,fresh,fresh
The apple near the cabinets is luckily fairly fresh,SG,PL,fresh,The apple near the cabinet was luckily fairly fresh / childproof,27,The apple,cabinet,fresh,fresh
The apple near the cabinets is luckily fairly childproof,SG,PL,childproof,The apple near the cabinet was luckily fairly fresh / childproof,27,The apple,cabinet,fresh,fresh
The apple near the cabinet are luckily fairly fresh,PL,SG,fresh,The apple near the cabinet was luckily fairly fresh / childproof,27,The apple,cabinet,fresh,fresh
The apple near the cabinet are luckily fairly childproof,PL,SG,childproof,The apple near the cabinet was luckily fairly fresh / childproof,27,The apple,cabinet,fresh,fresh
The apple near the cabinets are luckily fairly fresh,PL,PL,fresh,The apple near the cabinet was luckily fairly fresh / childproof,27,The apple,cabinet,fresh,fresh
The apple near the cabinets are luckily fairly childproof,PL,PL,childproof,The apple near the cabinet was luckily fairly fresh / childproof,27,The apple,cabinet,fresh,fresh
The key for the door is apparently quite lost,SG,SG,lost,The key for the door was apparently quite lost / open,28,The key,door,lost,lost
The key for the door is apparently quite open,SG,SG,open,The key for the door was apparently quite lost / open,28,The key,door,lost,lost
The key for the doors is apparently quite lost,SG,PL,lost,The key for the door was apparently quite lost / open,28,The key,door,lost,lost
The key for the doors is apparently quite open,SG,PL,open,The key for the door was apparently quite lost / open,28,The key,door,lost,lost
The key for the door are apparently quite lost,PL,SG,lost,The key for the door was apparently quite lost / open,28,The key,door,lost,lost
The key for the door are apparently quite open,PL,SG,open,The key for the door was apparently quite lost / open,28,The key,door,lost,lost
The key for the doors are apparently quite lost,PL,PL,lost,The key for the door was apparently quite lost / open,28,The key,door,lost,lost
The key for the doors are apparently quite open,PL,PL,open,The key for the door was apparently quite lost / open,28,The key,door,lost,lost
The couple with the stroller is seemingly rather tired,SG,SG,tired,The couple with the stroller was seemingly rather tired / damaged,29,The couple,stroller,tired,tired
The couple with the stroller is seemingly rather damaged,SG,SG,damaged,The couple with the stroller was seemingly rather tired / damaged,29,The couple,stroller,tired,tired
The couple with the strollers is seemingly rather tired,SG,PL,tired,The couple with the stroller was seemingly rather tired / damaged,29,The couple,stroller,tired,tired
The couple with the strollers is seemingly rather damaged,SG,PL,damaged,The couple with the stroller was seemingly rather tired / damaged,29,The couple,stroller,tired,tired
The couple with the stroller are seemingly rather tired,PL,SG,tired,The couple with the stroller was seemingly rather tired / damaged,29,The couple,stroller,tired,tired
The couple with the stroller are seemingly rather damaged,PL,SG,damaged,The couple with the stroller was seemingly rather tired / damaged,29,The couple,stroller,tired,tired
The couple with the strollers are seemingly rather tired,PL,PL,tired,The couple with the stroller was seemingly rather tired / damaged,29,The couple,stroller,tired,tired
The couple with the strollers are seemingly rather damaged,PL,PL,damaged,The couple with the stroller was seemingly rather tired / damaged,29,The couple,stroller,tired,tired
The movie with the dinosaur is really quite well-made,SG,SG,well-made,The movie with the dinosaur was really quite well-made / extinct,30,The movie,dinosaur,well-made,well-made
The movie with the dinosaur is really quite extinct,SG,SG,extinct,The movie with the dinosaur was really quite well-made / extinct,30,The movie,dinosaur,well-made,well-made
The movie with the dinosaurs is really quite well-made,SG,PL,well-made,The movie with the dinosaur was really quite well-made / extinct,30,The movie,dinosaur,well-made,well-made
The movie with the dinosaurs is really quite extinct,SG,PL,extinct,The movie with the dinosaur was really quite well-made / extinct,30,The movie,dinosaur,well-made,well-made
The movie with the dinosaur are really quite well-made,PL,SG,well-made,The movie with the dinosaur was really quite well-made / extinct,30,The movie,dinosaur,well-made,well-made
The movie with the dinosaur are really quite extinct,PL,SG,extinct,The movie with the dinosaur was really quite well-made / extinct,30,The movie,dinosaur,well-made,well-made
The movie with the dinosaurs are really quite well-made,PL,PL,well-made,The movie with the dinosaur was really quite well-made / extinct,30,The movie,dinosaur,well-made,well-made
The movie with the dinosaurs are really quite extinct,PL,PL,extinct,The movie with the dinosaur was really quite well-made / extinct,30,The movie,dinosaur,well-made,well-made
The man with the crutch is unfortunately very unhealthy,SG,SG,unhealthy,The man with the crutch was unfortunately very unhealthy / bent,31,The man,crutch,unhealthy,unhealthy
The man with the crutch is unfortunately very bent,SG,SG,bent,The man with the crutch was unfortunately very unhealthy / bent,31,The man,crutch,unhealthy,unhealthy
The man with the crutchs is unfortunately very unhealthy,SG,PL,unhealthy,The man with the crutch was unfortunately very unhealthy / bent,31,The man,crutch,unhealthy,unhealthy
The man with the crutchs is unfortunately very bent,SG,PL,bent,The man with the crutch was unfortunately very unhealthy / bent,31,The man,crutch,unhealthy,unhealthy
The man with the crutch are unfortunately very unhealthy,PL,SG,unhealthy,The man with the crutch was unfortunately very unhealthy / bent,31,The man,crutch,unhealthy,unhealthy
The man with the crutch are unfortunately very bent,PL,SG,bent,The man with the crutch was unfortunately very unhealthy / bent,31,The man,crutch,unhealthy,unhealthy
The man with the crutchs are unfortunately very unhealthy,PL,PL,unhealthy,The man with the crutch was unfortunately very unhealthy / bent,31,The man,crutch,unhealthy,unhealthy
The man with the crutchs are unfortunately very bent,PL,PL,bent,The man with the crutch was unfortunately very unhealthy / bent,31,The man,crutch,unhealthy,unhealthy
The music for the concert is clearly very difficult,SG,SG,difficult,The music for the concert was clearly very difficult / crowded,32,The music,concert,difficult,difficult
The music for the concert is clearly very crowded,SG,SG,crowded,The music for the concert was clearly very difficult / crowded,32,The music,concert,difficult,difficult
The music for the concerts is clearly very difficult,SG,PL,difficult,The music for the concert was clearly very difficult / crowded,32,The music,concert,difficult,difficult
The music for the concerts is clearly very crowded,SG,PL,crowded,The music for the concert was clearly very difficult / crowded,32,The music,concert,difficult,difficult
The music for the concert are clearly very difficult,PL,SG,difficult,The music for the concert was clearly very difficult / crowded,32,The music,concert,difficult,difficult
The music for the concert are clearly very crowded,PL,SG,crowded,The music for the concert was clearly very difficult / crowded,32,The music,concert,difficult,difficult
The music for the concerts are clearly very difficult,PL,PL,difficult,The music for the concert was clearly very difficult / crowded,32,The music,concert,difficult,difficult
The music for the concerts are clearly very crowded,PL,PL,crowded,The music for the concert was clearly very difficult / crowded,32,The music,concert,difficult,difficult
The eraser beside the pencil is evidently rather round,SG,SG,round,The eraser beside the pencil was evidently rather round / sharp,33,The eraser,pencil,round,round
The eraser beside the pencil is evidently rather sharp,SG,SG,sharp,The eraser beside the pencil was evidently rather round / sharp,33,The eraser,pencil,round,round
The eraser beside the pencils is evidently rather round,SG,PL,round,The eraser beside the pencil was evidently rather round / sharp,33,The eraser,pencil,round,round
The eraser beside the pencils is evidently rather sharp,SG,PL,sharp,The eraser beside the pencil was evidently rather round / sharp,33,The eraser,pencil,round,round
The eraser beside the pencil are evidently rather round,PL,SG,round,The eraser beside the pencil was evidently rather round / sharp,33,The eraser,pencil,round,round
The eraser beside the pencil are evidently rather sharp,PL,SG,sharp,The eraser beside the pencil was evidently rather round / sharp,33,The eraser,pencil,round,round
The eraser beside the pencils are evidently rather round,PL,PL,round,The eraser beside the pencil was evidently rather round / sharp,33,The eraser,pencil,round,round
The eraser beside the pencils are evidently rather sharp,PL,PL,sharp,The eraser beside the pencil was evidently rather round / sharp,33,The eraser,pencil,round,round
The owner of the store is rarely ever friendly,SG,SG,friendly,The owner of the store was rarely ever friendly / cluttered,34,The owner,store,friendly,friendly
The owner of the store is rarely ever cluttered,SG,SG,cluttered,The owner of the store was rarely ever friendly / cluttered,34,The owner,store,friendly,friendly
The owner of the stores is rarely ever friendly,SG,PL,friendly,The owner of the store was rarely ever friendly / cluttered,34,The owner,store,friendly,friendly
The owner of the stores is rarely ever cluttered,SG,PL,cluttered,The owner of the store was rarely ever friendly / cluttered,34,The owner,store,friendly,friendly
The owner of the store are rarely ever friendly,PL,SG,friendly,The owner of the store was rarely ever friendly / cluttered,34,The owner,store,friendly,friendly
The owner of the store are rarely ever cluttered,PL,SG,cluttered,The owner of the store was rarely ever friendly / cluttered,34,The owner,store,friendly,friendly
The owner of the stores are rarely ever friendly,PL,PL,friendly,The owner of the store was rarely ever friendly / cluttered,34,The owner,store,friendly,friendly
The owner of the stores are rarely ever cluttered,PL,PL,cluttered,The owner of the store was rarely ever friendly / cluttered,34,The owner,store,friendly,friendly
The person by the lounge is rarely ever excited,SG,SG,excited,The person by the lounge was rarely ever excited / vacant,35,The person,lounge,excited,excited
The person by the lounge is rarely ever vacant,SG,SG,vacant,The person by the lounge was rarely ever excited / vacant,35,The person,lounge,excited,excited
The person by the lounges is rarely ever excited,SG,PL,excited,The person by the lounge was rarely ever excited / vacant,35,The person,lounge,excited,excited
The person by the lounges is rarely ever vacant,SG,PL,vacant,The person by the lounge was rarely ever excited / vacant,35,The person,lounge,excited,excited
The person by the lounge are rarely ever excited,PL,SG,excited,The person by the lounge was rarely ever excited / vacant,35,The person,lounge,excited,excited
The person by the lounge are rarely ever vacant,PL,SG,vacant,The person by the lounge was rarely ever excited / vacant,35,The person,lounge,excited,excited
The person by the lounges are rarely ever excited,PL,PL,excited,The person by the lounge was rarely ever excited / vacant,35,The person,lounge,excited,excited
The person by the lounges are rarely ever vacant,PL,PL,vacant,The person by the lounge was rarely ever excited / vacant,35,The person,lounge,excited,excited
The house by the waterfall is probably extremely expensive,SG,SG,expensive,The house by the waterfall was probably extremely expensive / turbulent,36,The house,waterfall,expensive,expensive
The house by the waterfall is probably extremely turbulent,SG,SG,turbulent,The house by the waterfall was probably extremely expensive / turbulent,36,The house,waterfall,expensive,expensive
The house by the waterfalls is probably extremely expensive,SG,PL,expensive,The house by the waterfall was probably extremely expensive / turbulent,36,The house,waterfall,expensive,expensive
The house by the waterfalls is probably extremely turbulent,SG,PL,turbulent,The house by the waterfall was probably extremely expensive / turbulent,36,The house,waterfall,expensive,expensive
The house by the waterfall are probably extremely expensive,PL,SG,expensive,The house by the waterfall was probably extremely expensive / turbulent,36,The house,waterfall,expensive,expensive
The house by the waterfall are probably extremely turbulent,PL,SG,turbulent,The house by the waterfall was probably extremely expensive / turbulent,36,The house,waterfall,expensive,expensive
The house by the waterfalls are probably extremely expensive,PL,PL,expensive,The house by the waterfall was probably extremely expensive / turbulent,36,The house,waterfall,expensive,expensive
The house by the waterfalls are probably extremely turbulent,PL,PL,turbulent,The house by the waterfall was probably extremely expensive / turbulent,36,The house,waterfall,expensive,expensive
The backpack with the zipper is unfortunately extremely heavy,SG,SG,heavy,The backpack with the zipper was unfortunately extremely heavy / broken,37,The backpack,zipper,heavy,heavy
The backpack with the zipper is unfortunately extremely broken,SG,SG,broken,The backpack with the zipper was unfortunately extremely heavy / broken,37,The backpack,zipper,heavy,heavy
The backpack with the zippers is unfortunately extremely heavy,SG,PL,heavy,The backpack with the zipper was unfortunately extremely heavy / broken,37,The backpack,zipper,heavy,heavy
The backpack with the zippers is unfortunately extremely broken,SG,PL,broken,The backpack with the zipper was unfortunately extremely heavy / broken,37,The backpack,zipper,heavy,heavy
The backpack with the zipper are unfortunately extremely heavy,PL,SG,heavy,The backpack with the zipper was unfortunately extremely heavy / broken,37,The backpack,zipper,heavy,heavy
The backpack with the zipper are unfortunately extremely broken,PL,SG,broken,The backpack with the zipper was unfortunately extremely heavy / broken,37,The backpack,zipper,heavy,heavy
The backpack with the zippers are unfortunately extremely heavy,PL,PL,heavy,The backpack with the zipper was unfortunately extremely heavy / broken,37,The backpack,zipper,heavy,heavy
The backpack with the zippers are unfortunately extremely broken,PL,PL,broken,The backpack with the zipper was unfortunately extremely heavy / broken,37,The backpack,zipper,heavy,heavy
The book near the window is only slightly tattered,SG,SG,tattered,The book near the window was only slightly tattered / transparent,38,The book,window,tattered,tattered
The book near the window is only slightly transparent,SG,SG,transparent,The book near the window was only slightly tattered / transparent,38,The book,window,tattered,tattered
The book near the windows is only slightly tattered,SG,PL,tattered,The book near the window was only slightly tattered / transparent,38,The book,window,tattered,tattered
The book near the windows is only slightly transparent,SG,PL,transparent,The book near the window was only slightly tattered / transparent,38,The book,window,tattered,tattered
The book near the window are only slightly tattered,PL,SG,tattered,The book near the window was only slightly tattered / transparent,38,The book,window,tattered,tattered
The book near the window are only slightly transparent,PL,SG,transparent,The book near the window was only slightly tattered / transparent,38,The book,window,tattered,tattered
The book near the windows are only slightly tattered,PL,PL,tattered,The book near the window was only slightly tattered / transparent,38,The book,window,tattered,tattered
The book near the windows are only slightly transparent,PL,PL,transparent,The book near the window was only slightly tattered / transparent,38,The book,window,tattered,tattered
The note for the proprietor is surprisingly very illegible,SG,SG,illegible,The note for the proprietor was surprisingly very illegible / happy,39,The note,proprietor,illegible,illegible
The note for the proprietor is surprisingly very happy,SG,SG,happy,The note for the proprietor was surprisingly very illegible / happy,39,The note,proprietor,illegible,illegible
The note for the proprietors is surprisingly very illegible,SG,PL,illegible,The note for the proprietor was surprisingly very illegible / happy,39,The note,proprietor,illegible,illegible
The note for the proprietors is surprisingly very happy,SG,PL,happy,The note for the proprietor was surprisingly very illegible / happy,39,The note,proprietor,illegible,illegible
The note for the proprietor are surprisingly very illegible,PL,SG,illegible,The note for the proprietor was surprisingly very illegible / happy,39,The note,proprietor,illegible,illegible
The note for the proprietor are surprisingly very happy,PL,SG,happy,The note for the proprietor was surprisingly very illegible / happy,39,The note,proprietor,illegible,illegible
The note for the proprietors are surprisingly very illegible,PL,PL,illegible,The note for the proprietor was surprisingly very illegible / happy,39,The note,proprietor,illegible,illegible
The note for the proprietors are surprisingly very happy,PL,PL,happy,The note for the proprietor was surprisingly very illegible / happy,39,The note,proprietor,illegible,illegible
The umbrella near the closet is certainly very wet,SG,SG,wet,The umbrella near the closet was certainly very wet / empty,40,The umbrella,closet,wet,wet
The umbrella near the closet is certainly very empty,SG,SG,empty,The umbrella near the closet was certainly very wet / empty,40,The umbrella,closet,wet,wet
The umbrella near the closets is certainly very wet,SG,PL,wet,The umbrella near the closet was certainly very wet / empty,40,The umbrella,closet,wet,wet
The umbrella near the closets is certainly very empty,SG,PL,empty,The umbrella near the closet was certainly very wet / empty,40,The umbrella,closet,wet,wet
The umbrella near the closet are certainly very wet,PL,SG,wet,The umbrella near the closet was certainly very wet / empty,40,The umbrella,closet,wet,wet
The umbrella near the closet are certainly very empty,PL,SG,empty,The umbrella near the closet was certainly very wet / empty,40,The umbrella,closet,wet,wet
The umbrella near the closets are certainly very wet,PL,PL,wet,The umbrella near the closet was certainly very wet / empty,40,The umbrella,closet,wet,wet
The umbrella near the closets are certainly very empty,PL,PL,empty,The umbrella near the closet was certainly very wet / empty,40,The umbrella,closet,wet,wet
The towel on the shelf is almost entirely shredded,SG,SG,shredded,The towel on the shelf was almost entirely shredded / tidy,41,The towel,shelf,shredded,shredded
The towel on the shelf is almost entirely tidy,SG,SG,tidy,The towel on the shelf was almost entirely shredded / tidy,41,The towel,shelf,shredded,shredded
The towel on the shelfs is almost entirely shredded,SG,PL,shredded,The towel on the shelf was almost entirely shredded / tidy,41,The towel,shelf,shredded,shredded
The towel on the shelfs is almost entirely tidy,SG,PL,tidy,The towel on the shelf was almost entirely shredded / tidy,41,The towel,shelf,shredded,shredded
The towel on the shelf are almost entirely shredded,PL,SG,shredded,The towel on the shelf was almost entirely shredded / tidy,41,The towel,shelf,shredded,shredded
The towel on the shelf are almost entirely tidy,PL,SG,tidy,The towel on the shelf was almost entirely shredded / tidy,41,The towel,shelf,shredded,shredded
The towel on the shelfs are almost entirely shredded,PL,PL,shredded,The towel on the shelf was almost entirely shredded / tidy,41,The towel,shelf,shredded,shredded
The towel on the shelfs are almost entirely tidy,PL,PL,tidy,The towel on the shelf was almost entirely shredded / tidy,41,The towel,shelf,shredded,shredded
The photograph for the newspaper is certainly well cropped,SG,SG,cropped,The photograph for the newspaper was certainly well cropped / proofread,42,The photograph,newspaper,cropped,cropped
The photograph for the newspaper is certainly well proofread,SG,SG,proofread,The photograph for the newspaper was certainly well cropped / proofread,42,The photograph,newspaper,cropped,cropped
The photograph for the newspapers is certainly well cropped,SG,PL,cropped,The photograph for the newspaper was certainly well cropped / proofread,42,The photograph,newspaper,cropped,cropped
The photograph for the newspapers is certainly well proofread,SG,PL,proofread,The photograph for the newspaper was certainly well cropped / proofread,42,The photograph,newspaper,cropped,cropped
The photograph for the newspaper are certainly well cropped,PL,SG,cropped,The photograph for the newspaper was certainly well cropped / proofread,42,The photograph,newspaper,cropped,cropped
The photograph for the newspaper are certainly well proofread,PL,SG,proofread,The photograph for the newspaper was certainly well cropped / proofread,42,The photograph,newspaper,cropped,cropped
The photograph for the newspapers are certainly well cropped,PL,PL,cropped,The photograph for the newspaper was certainly well cropped / proofread,42,The photograph,newspaper,cropped,cropped
The photograph for the newspapers are certainly well proofread,PL,PL,proofread,The photograph for the newspaper was certainly well cropped / proofread,42,The photograph,newspaper,cropped,cropped
The child with the basketball is usually fairly happy,SG,SG,happy,The child with the basketball was usually fairly happy / inflated,43,The child,basketball,happy,happy
The child with the basketball is usually fairly inflated,SG,SG,inflated,The child with the basketball was usually fairly happy / inflated,43,The child,basketball,happy,happy
The child with the basketballs is usually fairly happy,SG,PL,happy,The child with the basketball was usually fairly happy / inflated,43,The child,basketball,happy,happy
The child with the basketballs is usually fairly inflated,SG,PL,inflated,The child with the basketball was usually fairly happy / inflated,43,The child,basketball,happy,happy
The child with the basketball are usually fairly happy,PL,SG,happy,The child with the basketball was usually fairly happy / inflated,43,The child,basketball,happy,happy
The child with the basketball are usually fairly inflated,PL,SG,inflated,The child with the basketball was usually fairly happy / inflated,43,The child,basketball,happy,happy
The child with the basketballs are usually fairly happy,PL,PL,happy,The child with the basketball was usually fairly happy / inflated,43,The child,basketball,happy,happy
The child with the basketballs are usually fairly inflated,PL,PL,inflated,The child with the basketball was usually fairly happy / inflated,43,The child,basketball,happy,happy
The water in the cooler is always remarkably refreshing,SG,SG,refreshing,The water in the cooler was always remarkably refreshing / damaged,44,The water,cooler,refreshing,refreshing
The water in the cooler is always remarkably damaged,SG,SG,damaged,The water in the cooler was always remarkably refreshing / damaged,44,The water,cooler,refreshing,refreshing
The water in the coolers is always remarkably refreshing,SG,PL,refreshing,The water in the cooler was always remarkably refreshing / damaged,44,The water,cooler,refreshing,refreshing
The water in the coolers is always remarkably damaged,SG,PL,damaged,The water in the cooler was always remarkably refreshing / damaged,44,The water,cooler,refreshing,refreshing
The water in the cooler are always remarkably refreshing,PL,SG,refreshing,The water in the cooler was always remarkably refreshing / damaged,44,The water,cooler,refreshing,refreshing
The water in the cooler are always remarkably damaged,PL,SG,damaged,The water in the cooler was always remarkably refreshing / damaged,44,The water,cooler,refreshing,refreshing
The water in the coolers are always remarkably refreshing,PL,PL,refreshing,The water in the cooler was always remarkably refreshing / damaged,44,The water,cooler,refreshing,refreshing
The water in the coolers are always remarkably damaged,PL,PL,damaged,The water in the cooler was always remarkably refreshing / damaged,44,The water,cooler,refreshing,refreshing
The runner in the marathon is certainly very athletic,SG,SG,athletic,The runner in the marathon was certainly very athletic / long,45,The runner,marathon,athletic,athletic
The runner in the marathon is certainly very long,SG,SG,long,The runner in the marathon was certainly very athletic / long,45,The runner,marathon,athletic,athletic
The runner in the marathons is certainly very athletic,SG,PL,athletic,The runner in the marathon was certainly very athletic / long,45,The runner,marathon,athletic,athletic
The runner in the marathons is certainly very long,SG,PL,long,The runner in the marathon was certainly very athletic / long,45,The runner,marathon,athletic,athletic
The runner in the marathon are certainly very athletic,PL,SG,athletic,The runner in the marathon was certainly very athletic / long,45,The runner,marathon,athletic,athletic
The runner in the marathon are certainly very long,PL,SG,long,The runner in the marathon was certainly very athletic / long,45,The runner,marathon,athletic,athletic
The runner in the marathons are certainly very athletic,PL,PL,athletic,The runner in the marathon was certainly very athletic / long,45,The runner,marathon,athletic,athletic
The runner in the marathons are certainly very long,PL,PL,long,The runner in the marathon was certainly very athletic / long,45,The runner,marathon,athletic,athletic
The ground under the water fountain is occasionally somewhat slippery,SG,SG,slippery,The ground under the water fountain was occasionally somewhat slippery / loud,46,The ground,fountain,slippery,slippery
The ground under the water fountain is occasionally somewhat loud,SG,SG,loud,The ground under the water fountain was occasionally somewhat slippery / loud,46,The ground,fountain,slippery,slippery
The ground under the water fountains is occasionally somewhat slippery,SG,PL,slippery,The ground under the water fountain was occasionally somewhat slippery / loud,46,The ground,fountain,slippery,slippery
The ground under the water fountains is occasionally somewhat loud,SG,PL,loud,The ground under the water fountain was occasionally somewhat slippery / loud,46,The ground,fountain,slippery,slippery
The ground under the water fountain are occasionally somewhat slippery,PL,SG,slippery,The ground under the water fountain was occasionally somewhat slippery / loud,46,The ground,fountain,slippery,slippery
The ground under the water fountain are occasionally somewhat loud,PL,SG,loud,The ground under the water fountain was occasionally somewhat slippery / loud,46,The ground,fountain,slippery,slippery
The ground under the water fountains are occasionally somewhat slippery,PL,PL,slippery,The ground under the water fountain was occasionally somewhat slippery / loud,46,The ground,fountain,slippery,slippery
The ground under the water fountains are occasionally somewhat loud,PL,PL,loud,The ground under the water fountain was occasionally somewhat slippery / loud,46,The ground,fountain,slippery,slippery
The elf with the present is almost always joyful,SG,SG,joyful,The elf with the present was almost always joyful / wrapped,47,The elf,present,joyful,joyful
The elf with the present is almost always wrapped,SG,SG,wrapped,The elf with the present was almost always joyful / wrapped,47,The elf,present,joyful,joyful
The elf with the presents is almost always joyful,SG,PL,joyful,The elf with the present was almost always joyful / wrapped,47,The elf,present,joyful,joyful
The elf with the presents is almost always wrapped,SG,PL,wrapped,The elf with the present was almost always joyful / wrapped,47,The elf,present,joyful,joyful
The elf with the present are almost always joyful,PL,SG,joyful,The elf with the present was almost always joyful / wrapped,47,The elf,present,joyful,joyful
The elf with the present are almost always wrapped,PL,SG,wrapped,The elf with the present was almost always joyful / wrapped,47,The elf,present,joyful,joyful
The elf with the presents are almost always joyful,PL,PL,joyful,The elf with the present was almost always joyful / wrapped,47,The elf,present,joyful,joyful
The elf with the presents are almost always wrapped,PL,PL,wrapped,The elf with the present was almost always joyful / wrapped,47,The elf,present,joyful,joyful
The food for the event is unquestionably very delicious,SG,SG,delicious,The food for the event was unquestionably very delicious / organized,48,The food,event,delicious,delicious
The food for the event is unquestionably very organized,SG,SG,organized,The food for the event was unquestionably very delicious / organized,48,The food,event,delicious,delicious
The food for the events is unquestionably very delicious,SG,PL,delicious,The food for the event was unquestionably very delicious / organized,48,The food,event,delicious,delicious
The food for the events is unquestionably very organized,SG,PL,organized,The food for the event was unquestionably very delicious / organized,48,The food,event,delicious,delicious
The food for the event are unquestionably very delicious,PL,SG,delicious,The food for the event was unquestionably very delicious / organized,48,The food,event,delicious,delicious
The food for the event are unquestionably very organized,PL,SG,organized,The food for the event was unquestionably very delicious / organized,48,The food,event,delicious,delicious
The food for the events are unquestionably very delicious,PL,PL,delicious,The food for the event was unquestionably very delicious / organized,48,The food,event,delicious,delicious
The food for the events are unquestionably very organized,PL,PL,organized,The food for the event was unquestionably very delicious / organized,48,The food,event,delicious,delicious
